File name,Title,Author,Genre,Year,URL,Source
1681-LetterFromWilliamPenn.txt,Letter from William Penn to the King of the Indians,William Penn,Document,1681,https://hsp.org/education/primary-sources/letter-from-william-penn-to-the-king-of-the-indians,HSP
1681-DeedBetweenWilliamPenn.txt,Deed between William Penn and the Delaware Indians,"William Penn, Delaware Indians",Document,1681,https://hsp.org/education/primary-sources/deed-between-william-penn-and-native-americans,HSP
1683-LetterFromWilliamPennToCommittee.txt,"""""A Letter from William Penn, Proprietary and Governor of Pennsylvania in America, to the Committee of the Free Society of Traders of that Province, residing in London (excerpt)""""",William Penn,Document,1683,http://historymatters.gmu.edu/d/7440/,Special collections
1743-TreatyHeldWithIndians.txt,"""""The treaty held with the Indians of the Six Nations at Philadelphia, in July 1742""""",,Document,1743,http://www.gutenberg.org/ebooks/18635,Gutenberg
1799-EdgarHuntly.txt,"""""Edgar Huntly; or, memoirs of a sleep-walker""""",Charles Brockden Brown,Novel,1799,http://www.gutenberg.org/ebooks/8223,Gutenberg
1811-OrmondVol1.txt,Ormond (1/3),Charles Brockden Brown,Novel,1811,http://www.gutenberg.org/ebooks/36289,Gutenberg
1811-OrmondVol2.txt,Ormond (2/3),Charles Brockden Brown,Novel,1811,http://www.gutenberg.org/ebooks/36290,Gutenberg
1811-OrmondVol3.txt,Ormond (3/3),Charles Brockden Brown,Novel,1811,http://www.gutenberg.org/ebooks/36291,Gutenberg
1811-WhatAnswer.txt,What answer? (excerpt),Anna E. Dickinson,Novel,1868,https://www.gutenberg.org/ebooks/15402,Gutenberg
1870-HerrigesHorror.txt,The Herriges horror in Philadelphia,Anonymous,Nonfiction,1870,http://www.gutenberg.org/ebooks/38282,Gutenberg
1872-UndergroundRailroad.txt,The underground railroad,William Still,Nonfiction,1872,http://www.gutenberg.org/ebooks/15263,HSP
1889-ArthurMervyn.txt,Arthur Mervyn,Charles Brockden Brown,Novel,1889,http://www.gutenberg.org/files/18508/18508-h/18508-h.htm,Gutenberg
1889-ElizabethDrinker.txt,Extracts from journal of Elizabeth Drinker,Elizabeth Drinker,Diary,1889,http://www.pbs.org/wgbh/aia/part3/3h454t.html,HSP
1892-PhiladelphiaMagazines.txt,"""""The Philadelphia magazines and their contributors, 1741-1850""""",Albert H. Smyth,Nonfiction,1892,http://www.gutenberg.org/ebooks/24303,Gutenberg
1895-MadeiraParty.txt,A madeira party (excerpt),S. Weir Mitchell,Story,1895,http://www.gutenberg.org/ebooks/43242,Gutenberg
1897-BoySpies.txt,The boy spies of Philadelphia,James Otis,Novel,1897,http://www.gutenberg.org/ebooks/44724,Gutenberg
1898-NineThousandMiles.txt,Nine thousand miles on a Pullman train (excerpt),M. M. Shaw,Nonfiction,1898,https://www.gutenberg.org/ebooks/51341,Gutenberg
1899-LittleGirl.txt,A little girl in old Philadelphia,Amanda Minnie Douglas,Novel,1899,http://www.gutenberg.org/ebooks/28648,Gutenberg
1908-RedCity.txt,The red city: a historical novel of the second administration of President Washington,S. Weir Mitchell,Novel,1908,https://www.gutenberg.org/ebooks/32942,Gutenberg
1910-PeggyOwenPatriot.txt,"""""Peggy Owen, patriot""""",Lucy Foster Madison,Novel,1910,http://www.gutenberg.org/ebooks/36740,Gutenberg
1912-PeggyOwenLiberty.txt,Peggy Owen and liberty,Lucy Foster Madison,Novel,1912,http://www.gutenberg.org/ebooks/30940,Gutenberg
1914-OurPhiladelphia.txt,Our Philadelphia,Elizabeth Robins Pennell,Nonfiction,1914,http://www.gutenberg.org/ebooks/38076,Gutenberg
1916-Diatomaceae.txt,Diatomaceae of Philadelphia,Charles S. Boyer,Science,1916,http://www.gutenberg.org/ebooks/44569,Gutenberg
1918-LittleWashingtons.txt,The little Washingtons' travels (excerpt),Lillian Elizabeth Roy,Novel,1918,https://www.gutenberg.org/ebooks/39518,Gutenberg
1920-ColonialArchitecture.txt,The colonial architecture of Philadelphia,Frank Cousins and Phil M. Riley,Nonfiction,1920,http://www.gutenberg.org/ebooks/29334,Gutenberg
1920-Pipefuls.txt,Pipefuls (excerpt),Christopher Morley,Nonfiction,1920,http://www.gutenberg.org/ebooks/22699,Gutenberg
1921-LittleMaid.txt,A little maid of old Philadelphia,Alice Turner Curtis,Novel,1921,http://www.gutenberg.org/ebooks/22370,Gutenberg